Participant #;Task #;Task type;param1;param2;param3;param4
1;1;FC;off;4;tactile
1;2;FC;off;4;visual
1;3;FC;off;4;visual
1;4;FC;off;4;tactile
1;5;FC;off;6;visual
1;6;FC;off;8;visual
1;7;FC;off;8;tactile
1;8;FC;off;4;visual
1;9;FC;off;6;visual
1;10;FC;off;8;tactile
1;11;FC;off;4;visual
1;12;FC;off;4;tactile
1;13;FC;off;8;tactile
1;14;FC;off;6;visual
1;15;FC;off;8;tactile
1;16;FC;off;6;tactile
1;17;FC;off;8;tactile
1;18;FC;off;6;tactile
1;19;FC;off;6;visual
1;20;FC;off;4;tactile
1;21;FC;off;8;visual
1;22;FC;off;4;tactile
1;23;FC;off;8;visual
1;24;FC;off;8;visual
1;25;FC;off;6;visual
1;26;FC;off;4;visual
1;27;FC;off;8;visual
1;28;FC;off;6;tactile
1;29;FC;off;6;tactile
1;30;FC;off;6;tactile
1;31;CRT;off;ring;none;tactile
1;32;CRT;off;index;none;visual
1;33;CRT;off;little;visual;tactile
1;34;CRT;off;index;visual;visual
1;35;CRT;off;thumb;tactile;tactile
1;36;CRT;off;ring;tactile;tactile
1;37;CRT;off;little;tactile;tactile
1;38;CRT;off;ring;visual;visual
1;39;CRT;off;index;visual;tactile
1;40;CRT;off;index;tactile;tactile
1;41;CRT;off;thumb;none;tactile
1;42;CRT;off;middle;visual;tactile
1;43;CRT;off;thumb;none;visual
1;44;CRT;off;middle;visual;tactile
1;45;CRT;off;little;none;tactile
1;46;CRT;off;thumb;visual;tactile
1;47;CRT;off;thumb;visual;visual
1;48;CRT;off;ring;tactile;tactile
1;49;CRT;off;little;none;visual
1;50;CRT;off;thumb;tactile;tactile
1;51;CRT;off;ring;visual;visual
1;52;CRT;off;thumb;tactile;visual
1;53;CRT;off;thumb;none;tactile
1;54;CRT;off;thumb;tactile;tactile
1;55;CRT;off;thumb;none;visual
1;56;CRT;off;little;tactile;visual
1;57;CRT;off;middle;tactile;visual
1;58;CRT;off;ring;visual;visual
1;59;CRT;off;little;visual;visual
1;60;CRT;off;middle;none;tactile
1;61;CRT;off;middle;none;visual
1;62;CRT;off;ring;none;visual
1;63;CRT;off;thumb;visual;tactile
1;64;CRT;off;index;none;tactile
1;65;CRT;off;little;tactile;tactile
1;66;CRT;off;index;none;tactile
1;67;CRT;off;ring;tactile;tactile
1;68;CRT;off;ring;visual;tactile
1;69;CRT;off;index;visual;tactile
1;70;CRT;off;ring;none;visual
1;71;CRT;off;thumb;none;tactile
1;72;CRT;off;ring;visual;visual
1;73;CRT;off;ring;none;tactile
1;74;CRT;off;middle;visual;tactile
1;75;CRT;off;thumb;none;tactile
1;76;CRT;off;little;visual;visual
1;77;CRT;off;index;visual;visual
1;78;CRT;off;middle;tactile;visual
1;79;CRT;off;ring;none;visual
1;80;CRT;off;index;none;tactile
1;81;CRT;off;little;visual;tactile
1;82;CRT;off;little;none;tactile
1;83;CRT;off;index;none;visual
1;84;CRT;off;ring;none;tactile
1;85;CRT;off;middle;none;tactile
1;86;CRT;off;little;tactile;visual
1;87;CRT;off;middle;none;visual
1;88;CRT;off;middle;tactile;tactile
1;89;CRT;off;ring;none;visual
1;90;CRT;off;ring;visual;tactile
1;91;CRT;off;little;none;visual
1;92;CRT;off;middle;visual;visual
1;93;CRT;off;ring;visual;tactile
1;94;CRT;off;thumb;tactile;visual
1;95;CRT;off;ring;visual;tactile
1;96;CRT;off;middle;tactile;visual
1;97;CRT;off;middle;none;visual
1;98;CRT;off;thumb;none;visual
1;99;CRT;off;index;none;tactile
1;100;CRT;off;little;tactile;tactile
1;101;CRT;off;index;tactile;tactile
1;102;CRT;off;middle;tactile;visual
1;103;CRT;off;middle;visual;visual
1;104;CRT;off;ring;tactile;visual
1;105;CRT;off;index;visual;visual
1;106;CRT;off;ring;tactile;visual
1;107;CRT;off;ring;none;visual
1;108;CRT;off;ring;none;tactile
1;109;CRT;off;thumb;none;visual
1;110;CRT;off;ring;tactile;visual
1;111;CRT;off;little;visual;visual
1;112;CRT;off;middle;none;visual
1;113;CRT;off;thumb;visual;tactile
1;114;CRT;off;index;visual;tactile
1;115;CRT;off;little;none;visual
1;116;CRT;off;middle;none;tactile
1;117;CRT;off;thumb;tactile;visual
1;118;CRT;off;little;visual;tactile
1;119;CRT;off;middle;none;tactile
1;120;CRT;off;little;none;visual
1;121;CRT;off;middle;visual;visual
1;122;CRT;off;index;visual;tactile
1;123;CRT;off;middle;tactile;visual
1;124;CRT;off;middle;none;tactile
1;125;CRT;off;index;visual;visual
1;126;CRT;off;thumb;tactile;visual
1;127;CRT;off;thumb;visual;visual
1;128;CRT;off;little;visual;tactile
1;129;CRT;off;little;tactile;tactile
1;130;CRT;off;little;none;visual
1;131;CRT;off;ring;visual;visual
1;132;CRT;off;middle;tactile;tactile
1;133;CRT;off;ring;visual;tactile
1;134;CRT;off;thumb;tactile;tactile
1;135;CRT;off;index;tactile;tactile
1;136;CRT;off;ring;tactile;tactile
1;137;CRT;off;index;visual;tactile
1;138;CRT;off;middle;tactile;tactile
1;139;CRT;off;index;tactile;visual
1;140;CRT;off;thumb;visual;visual
1;141;CRT;off;little;tactile;visual
1;142;CRT;off;ring;tactile;visual
1;143;CRT;off;thumb;visual;tactile
1;144;CRT;off;index;tactile;visual
1;145;CRT;off;middle;visual;tactile
1;146;CRT;off;thumb;visual;tactile
1;147;CRT;off;little;visual;visual
1;148;CRT;off;index;none;tactile
1;149;CRT;off;little;none;tactile
1;150;CRT;off;index;none;visual
1;151;CRT;off;thumb;visual;visual
1;152;CRT;off;index;none;visual
1;153;CRT;off;little;tactile;visual
1;154;CRT;off;middle;visual;visual
1;155;CRT;off;middle;visual;tactile
1;156;CRT;off;middle;none;visual
1;157;CRT;off;little;none;tactile
1;158;CRT;off;middle;tactile;tactile
1;159;CRT;off;index;none;visual
1;160;CRT;off;ring;none;tactile
1;161;CRT;off;index;tactile;visual
1;162;CRT;off;thumb;none;tactile
1;163;CRT;off;little;visual;visual
1;164;CRT;off;thumb;tactile;visual
1;165;CRT;off;index;tactile;tactile
1;166;CRT;off;little;tactile;visual
1;167;CRT;off;middle;visual;visual
1;168;CRT;off;thumb;none;visual
1;169;CRT;off;middle;tactile;tactile
1;170;CRT;off;index;tactile;visual
1;171;CRT;off;little;tactile;tactile
1;172;CRT;off;thumb;visual;visual
1;173;CRT;off;index;visual;visual
1;174;CRT;off;index;tactile;tactile
1;175;CRT;off;thumb;tactile;tactile
1;176;CRT;off;little;visual;tactile
1;177;CRT;off;index;tactile;visual
1;178;CRT;off;little;none;tactile
1;179;CRT;off;ring;tactile;tactile
1;180;CRT;off;ring;tactile;visual
1;181;CRT;on;index;tactile;visual
1;182;CRT;on;index;tactile;visual
1;183;CRT;on;ring;none;tactile
1;184;CRT;on;thumb;tactile;tactile
1;185;CRT;on;index;none;visual
1;186;CRT;on;little;visual;tactile
1;187;CRT;on;middle;visual;tactile
1;188;CRT;on;middle;none;tactile
1;189;CRT;on;ring;none;visual
1;190;CRT;on;index;tactile;tactile
1;191;CRT;on;index;none;tactile
1;192;CRT;on;thumb;none;visual
1;193;CRT;on;little;tactile;visual
1;194;CRT;on;middle;tactile;visual
1;195;CRT;on;ring;visual;tactile
1;196;CRT;on;little;none;visual
1;197;CRT;on;thumb;visual;tactile
1;198;CRT;on;little;visual;tactile
1;199;CRT;on;little;none;tactile
1;200;CRT;on;little;none;visual
1;201;CRT;on;little;none;tactile
1;202;CRT;on;index;visual;visual
1;203;CRT;on;ring;none;tactile
1;204;CRT;on;little;visual;visual
1;205;CRT;on;little;none;tactile
1;206;CRT;on;ring;visual;visual
1;207;CRT;on;index;visual;tactile
1;208;CRT;on;ring;none;visual
1;209;CRT;on;middle;tactile;visual
1;210;CRT;on;little;none;visual
1;211;CRT;on;index;tactile;visual
1;212;CRT;on;middle;none;tactile
1;213;CRT;on;little;visual;tactile
1;214;CRT;on;little;tactile;visual
1;215;CRT;on;thumb;tactile;tactile
1;216;CRT;on;index;none;visual
1;217;CRT;on;little;visual;tactile
1;218;CRT;on;ring;none;tactile
1;219;CRT;on;index;none;tactile
1;220;CRT;on;index;visual;tactile
1;221;CRT;on;middle;visual;visual
1;222;CRT;on;thumb;visual;tactile
1;223;CRT;on;thumb;none;tactile
1;224;CRT;on;thumb;none;visual
1;225;CRT;on;index;visual;tactile
1;226;CRT;on;thumb;tactile;visual
1;227;CRT;on;middle;tactile;visual
1;228;CRT;on;thumb;tactile;tactile
1;229;CRT;on;ring;visual;tactile
1;230;CRT;on;thumb;visual;tactile
1;231;CRT;on;thumb;visual;visual
1;232;CRT;on;little;tactile;tactile
1;233;CRT;on;little;visual;visual
1;234;CRT;on;little;tactile;visual
1;235;CRT;on;index;visual;visual
1;236;CRT;on;ring;visual;visual
1;237;CRT;on;ring;visual;visual
1;238;CRT;on;index;tactile;tactile
1;239;CRT;on;thumb;visual;visual
1;240;CRT;on;index;visual;tactile
1;241;CRT;on;ring;tactile;tactile
1;242;CRT;on;index;none;tactile
1;243;CRT;on;thumb;none;visual
1;244;CRT;on;ring;none;tactile
1;245;CRT;on;middle;tactile;visual
1;246;CRT;on;little;none;tactile
1;247;CRT;on;middle;none;visual
1;248;CRT;on;index;none;visual
1;249;CRT;on;thumb;none;tactile
1;250;CRT;on;thumb;tactile;visual
1;251;CRT;on;ring;tactile;tactile
1;252;CRT;on;little;none;visual
1;253;CRT;on;middle;tactile;tactile
1;254;CRT;on;little;tactile;visual
1;255;CRT;on;ring;tactile;tactile
1;256;CRT;on;middle;tactile;tactile
1;257;CRT;on;index;tactile;visual
1;258;CRT;on;ring;tactile;visual
1;259;CRT;on;middle;visual;tactile
1;260;CRT;on;thumb;tactile;visual
1;261;CRT;on;ring;visual;tactile
1;262;CRT;on;little;tactile;tactile
1;263;CRT;on;thumb;visual;visual
1;264;CRT;on;little;none;tactile
1;265;CRT;on;index;visual;visual
1;266;CRT;on;thumb;none;tactile
1;267;CRT;on;middle;tactile;tactile
1;268;CRT;on;middle;visual;visual
1;269;CRT;on;thumb;visual;tactile
1;270;CRT;on;thumb;visual;visual
1;271;CRT;on;index;tactile;visual
1;272;CRT;on;middle;none;tactile
1;273;CRT;on;middle;visual;tactile
1;274;CRT;on;ring;tactile;tactile
1;275;CRT;on;index;visual;tactile
1;276;CRT;on;index;tactile;tactile
1;277;CRT;on;middle;visual;visual
1;278;CRT;on;ring;none;visual
1;279;CRT;on;little;visual;visual
1;280;CRT;on;thumb;visual;visual
1;281;CRT;on;index;none;visual
1;282;CRT;on;little;tactile;visual
1;283;CRT;on;ring;visual;tactile
1;284;CRT;on;thumb;tactile;tactile
1;285;CRT;on;middle;tactile;visual
1;286;CRT;on;ring;none;tactile
1;287;CRT;on;index;tactile;tactile
1;288;CRT;on;middle;visual;visual
1;289;CRT;on;ring;tactile;visual
1;290;CRT;on;thumb;tactile;visual
1;291;CRT;on;index;none;tactile
1;292;CRT;on;middle;tactile;tactile
1;293;CRT;on;little;none;visual
1;294;CRT;on;index;visual;visual
1;295;CRT;on;ring;visual;visual
1;296;CRT;on;thumb;visual;tactile
1;297;CRT;on;ring;tactile;visual
1;298;CRT;on;thumb;none;visual
1;299;CRT;on;ring;tactile;tactile
1;300;CRT;on;middle;none;visual
1;301;CRT;on;ring;visual;visual
1;302;CRT;on;middle;visual;tactile
1;303;CRT;on;little;visual;visual
1;304;CRT;on;ring;visual;tactile
1;305;CRT;on;middle;none;visual
1;306;CRT;on;ring;tactile;visual
1;307;CRT;on;middle;tactile;tactile
1;308;CRT;on;little;visual;visual
1;309;CRT;on;thumb;none;tactile
1;310;CRT;on;ring;tactile;visual
1;311;CRT;on;thumb;tactile;visual
1;312;CRT;on;ring;none;visual
1;313;CRT;on;index;none;visual
1;314;CRT;on;middle;none;visual
1;315;CRT;on;little;tactile;tactile
1;316;CRT;on;middle;none;tactile
1;317;CRT;on;middle;visual;visual
1;318;CRT;on;middle;visual;tactile
1;319;CRT;on;index;visual;visual
1;320;CRT;on;index;tactile;tactile
1;321;CRT;on;little;tactile;tactile
1;322;CRT;on;middle;none;visual
1;323;CRT;on;little;tactile;tactile
1;324;CRT;on;little;visual;tactile
1;325;CRT;on;thumb;tactile;tactile
1;326;CRT;on;index;none;tactile
1;327;CRT;on;ring;none;visual
1;328;CRT;on;thumb;none;tactile
1;329;CRT;on;middle;none;tactile
1;330;CRT;on;thumb;none;visual
1;331;FC;on;8;tactile
1;332;FC;on;4;visual
1;333;FC;on;8;visual
1;334;FC;on;4;tactile
1;335;FC;on;6;tactile
1;336;FC;on;4;tactile
1;337;FC;on;8;visual
1;338;FC;on;6;tactile
1;339;FC;on;8;tactile
1;340;FC;on;6;tactile
1;341;FC;on;4;visual
1;342;FC;on;8;tactile
1;343;FC;on;8;tactile
1;344;FC;on;6;visual
1;345;FC;on;6;visual
1;346;FC;on;4;tactile
1;347;FC;on;4;visual
1;348;FC;on;4;visual
1;349;FC;on;8;visual
1;350;FC;on;8;tactile
1;351;FC;on;6;visual
1;352;FC;on;4;visual
1;353;FC;on;8;visual
1;354;FC;on;6;visual
1;355;FC;on;6;visual
1;356;FC;on;4;tactile
1;357;FC;on;6;tactile
1;358;FC;on;8;visual
1;359;FC;on;6;tactile
1;360;FC;on;4;tactile
2;361;CRT;off;middle;tactile;visual
2;362;CRT;off;index;none;visual
2;363;CRT;off;index;visual;visual
2;364;CRT;off;middle;tactile;tactile
2;365;CRT;off;index;none;visual
2;366;CRT;off;ring;visual;tactile
2;367;CRT;off;thumb;none;tactile
2;368;CRT;off;little;none;tactile
2;369;CRT;off;ring;tactile;tactile
2;370;CRT;off;middle;visual;tactile
2;371;CRT;off;little;visual;visual
2;372;CRT;off;little;tactile;visual
2;373;CRT;off;ring;none;visual
2;374;CRT;off;index;tactile;tactile
2;375;CRT;off;ring;tactile;visual
2;376;CRT;off;middle;none;tactile
2;377;CRT;off;index;visual;tactile
2;378;CRT;off;thumb;none;tactile
2;379;CRT;off;index;visual;tactile
2;380;CRT;off;little;tactile;tactile
2;381;CRT;off;middle;tactile;visual
2;382;CRT;off;index;none;visual
2;383;CRT;off;little;visual;visual
2;384;CRT;off;thumb;none;tactile
2;385;CRT;off;ring;tactile;visual
2;386;CRT;off;index;none;visual
2;387;CRT;off;ring;tactile;tactile
2;388;CRT;off;middle;visual;tactile
2;389;CRT;off;thumb;visual;visual
2;390;CRT;off;middle;none;tactile
2;391;CRT;off;ring;none;tactile
2;392;CRT;off;index;none;visual
2;393;CRT;off;index;visual;visual
2;394;CRT;off;middle;none;tactile
2;395;CRT;off;index;tactile;visual
2;396;CRT;off;ring;visual;visual
2;397;CRT;off;ring;tactile;visual
2;398;CRT;off;index;visual;visual
2;399;CRT;off;ring;visual;visual
2;400;CRT;off;middle;none;visual
2;401;CRT;off;little;tactile;tactile
2;402;CRT;off;index;visual;tactile
2;403;CRT;off;ring;visual;tactile
2;404;CRT;off;thumb;visual;tactile
2;405;CRT;off;middle;none;visual
2;406;CRT;off;middle;visual;visual
2;407;CRT;off;middle;tactile;tactile
2;408;CRT;off;little;none;visual
2;409;CRT;off;index;visual;tactile
2;410;CRT;off;little;visual;tactile
2;411;CRT;off;ring;visual;visual
2;412;CRT;off;thumb;visual;tactile
2;413;CRT;off;middle;visual;visual
2;414;CRT;off;ring;tactile;tactile
2;415;CRT;off;thumb;visual;tactile
2;416;CRT;off;little;none;tactile
2;417;CRT;off;middle;visual;tactile
2;418;CRT;off;little;visual;tactile
2;419;CRT;off;thumb;none;tactile
2;420;CRT;off;middle;none;visual
2;421;CRT;off;little;none;visual
2;422;CRT;off;middle;visual;visual
2;423;CRT;off;ring;none;tactile
2;424;CRT;off;index;visual;visual
2;425;CRT;off;thumb;visual;tactile
2;426;CRT;off;middle;visual;visual
2;427;CRT;off;middle;visual;tactile
2;428;CRT;off;ring;none;visual
2;429;CRT;off;little;visual;tactile
2;430;CRT;off;index;tactile;tactile
2;431;CRT;off;thumb;tactile;tactile
2;432;CRT;off;middle;none;visual
2;433;CRT;off;index;tactile;visual
2;434;CRT;off;ring;tactile;tactile
2;435;CRT;off;little;tactile;visual
2;436;CRT;off;thumb;tactile;visual
2;437;CRT;off;little;none;tactile
2;438;CRT;off;ring;visual;visual
2;439;CRT;off;middle;tactile;tactile
2;440;CRT;off;thumb;visual;visual
2;441;CRT;off;thumb;tactile;visual
2;442;CRT;off;ring;none;visual
2;443;CRT;off;ring;tactile;visual
2;444;CRT;off;middle;tactile;tactile
2;445;CRT;off;ring;none;visual
2;446;CRT;off;index;tactile;visual
2;447;CRT;off;index;none;tactile
2;448;CRT;off;index;visual;tactile
2;449;CRT;off;little;tactile;visual
2;450;CRT;off;index;tactile;visual
2;451;CRT;off;thumb;visual;visual
2;452;CRT;off;thumb;none;visual
2;453;CRT;off;thumb;none;visual
2;454;CRT;off;index;tactile;tactile
2;455;CRT;off;thumb;none;visual
2;456;CRT;off;little;tactile;tactile
2;457;CRT;off;little;none;visual
2;458;CRT;off;thumb;tactile;visual
2;459;CRT;off;thumb;visual;visual
2;460;CRT;off;little;none;tactile
2;461;CRT;off;ring;visual;tactile
2;462;CRT;off;little;visual;visual
2;463;CRT;off;middle;none;tactile
2;464;CRT;off;little;tactile;visual
2;465;CRT;off;index;tactile;tactile
2;466;CRT;off;thumb;tactile;visual
2;467;CRT;off;index;none;tactile
2;468;CRT;off;middle;none;tactile
2;469;CRT;off;little;visual;tactile
2;470;CRT;off;little;tactile;tactile
2;471;CRT;off;middle;tactile;visual
2;472;CRT;off;middle;tactile;visual
2;473;CRT;off;middle;visual;tactile
2;474;CRT;off;index;tactile;tactile
2;475;CRT;off;ring;visual;tactile
2;476;CRT;off;little;visual;tactile
2;477;CRT;off;thumb;tactile;tactile
2;478;CRT;off;ring;none;visual
2;479;CRT;off;ring;tactile;visual
2;480;CRT;off;little;visual;visual
2;481;CRT;off;index;none;tactile
2;482;CRT;off;ring;visual;tactile
2;483;CRT;off;little;visual;visual
2;484;CRT;off;thumb;none;visual
2;485;CRT;off;thumb;tactile;tactile
2;486;CRT;off;ring;visual;visual
2;487;CRT;off;thumb;tactile;tactile
2;488;CRT;off;thumb;none;visual
2;489;CRT;off;middle;visual;visual
2;490;CRT;off;thumb;visual;visual
2;491;CRT;off;middle;tactile;visual
2;492;CRT;off;middle;tactile;tactile
2;493;CRT;off;little;none;visual
2;494;CRT;off;ring;none;tactile
2;495;CRT;off;ring;tactile;tactile
2;496;CRT;off;little;none;tactile
2;497;CRT;off;thumb;tactile;tactile
2;498;CRT;off;little;tactile;tactile
2;499;CRT;off;thumb;none;tactile
2;500;CRT;off;middle;none;visual
2;501;CRT;off;little;none;visual
2;502;CRT;off;thumb;tactile;visual
2;503;CRT;off;thumb;visual;tactile
2;504;CRT;off;index;none;tactile
2;505;CRT;off;ring;none;tactile
2;506;CRT;off;index;visual;visual
2;507;CRT;off;index;tactile;visual
2;508;CRT;off;ring;none;tactile
2;509;CRT;off;little;tactile;visual
2;510;CRT;off;index;none;tactile
2;511;CRT;off;little;none;visual
2;512;CRT;off;ring;visual;visual
2;513;CRT;off;ring;tactile;visual
2;514;CRT;off;middle;tactile;tactile
2;515;CRT;off;middle;visual;tactile
2;516;CRT;off;little;visual;tactile
2;517;CRT;off;index;tactile;tactile
2;518;CRT;off;little;visual;visual
2;519;CRT;off;index;none;visual
2;520;CRT;off;little;tactile;tactile
2;521;CRT;off;thumb;none;visual
2;522;CRT;off;middle;tactile;tactile
2;523;CRT;off;index;tactile;visual
2;524;CRT;off;thumb;visual;visual
2;525;CRT;off;middle;tactile;visual
2;526;CRT;off;index;none;visual
2;527;CRT;off;index;tactile;visual
2;528;CRT;off;index;visual;tactile
2;529;CRT;off;middle;none;visual
2;530;CRT;off;little;none;tactile
2;531;CRT;off;ring;tactile;visual
2;532;CRT;off;ring;none;tactile
2;533;CRT;off;thumb;tactile;tactile
2;534;CRT;off;index;visual;visual
2;535;CRT;off;thumb;visual;tactile
2;536;CRT;off;little;none;visual
2;537;CRT;off;thumb;none;tactile
2;538;CRT;off;thumb;visual;tactile
2;539;CRT;off;thumb;tactile;visual
2;540;CRT;off;thumb;none;visual
2;541;CRT;off;little;visual;visual
2;542;CRT;off;little;visual;tactile
2;543;CRT;off;thumb;none;tactile
2;544;CRT;off;ring;tactile;visual
2;545;CRT;off;ring;none;visual
2;546;CRT;off;ring;tactile;tactile
2;547;CRT;off;thumb;tactile;tactile
2;548;CRT;off;middle;tactile;tactile
2;549;CRT;off;thumb;tactile;visual
2;550;CRT;off;middle;none;visual
2;551;CRT;off;middle;none;visual
2;552;CRT;off;thumb;visual;visual
2;553;CRT;off;index;visual;tactile
2;554;CRT;off;middle;none;visual
2;555;CRT;off;ring;visual;visual
2;556;CRT;off;ring;none;tactile
2;557;CRT;off;middle;tactile;visual
2;558;CRT;off;thumb;none;tactile
2;559;CRT;off;ring;tactile;visual
2;560;CRT;off;thumb;none;tactile
2;561;CRT;off;middle;visual;tactile
2;562;CRT;off;index;visual;visual
2;563;CRT;off;ring;none;tactile
2;564;CRT;off;ring;visual;tactile
2;565;CRT;off;middle;none;visual
2;566;CRT;off;index;tactile;tactile
2;567;CRT;off;index;visual;visual
2;568;CRT;off;middle;tactile;tactile
2;569;CRT;off;little;tactile;tactile
2;570;CRT;off;index;tactile;visual
2;571;CRT;off;middle;visual;tactile
2;572;CRT;off;little;none;visual
2;573;CRT;off;index;none;tactile
2;574;CRT;off;middle;tactile;visual
2;575;CRT;off;index;none;tactile
2;576;CRT;off;thumb;visual;tactile
2;577;CRT;off;middle;visual;tactile
2;578;CRT;off;little;visual;tactile
2;579;CRT;off;ring;none;visual
2;580;CRT;off;little;none;tactile
2;581;CRT;off;little;none;visual
2;582;CRT;off;thumb;none;visual
2;583;CRT;off;middle;tactile;tactile
2;584;CRT;off;middle;none;tactile
2;585;CRT;off;little;none;tactile
2;586;CRT;off;index;visual;tactile
2;587;CRT;off;thumb;tactile;visual
2;588;CRT;off;index;tactile;tactile
2;589;CRT;off;little;none;tactile
2;590;CRT;off;ring;none;tactile
2;591;CRT;off;middle;visual;visual
2;592;CRT;off;little;tactile;tactile
2;593;CRT;off;little;visual;visual
2;594;CRT;off;ring;none;visual
2;595;CRT;off;little;visual;tactile
2;596;CRT;off;middle;visual;visual
2;597;CRT;off;index;none;visual
2;598;CRT;off;little;none;tactile
2;599;CRT;off;ring;tactile;tactile
2;600;CRT;off;index;visual;tactile
2;601;CRT;off;thumb;visual;visual
2;602;CRT;off;middle;none;tactile
2;603;CRT;off;thumb;visual;visual
2;604;CRT;off;middle;visual;visual
2;605;CRT;off;index;tactile;tactile
2;606;CRT;off;ring;visual;tactile
2;607;CRT;off;middle;visual;tactile
2;608;CRT;off;middle;none;tactile
2;609;CRT;off;little;tactile;visual
2;610;CRT;off;ring;none;visual
2;611;CRT;off;little;tactile;visual
2;612;CRT;off;index;none;visual
2;613;CRT;off;middle;tactile;visual
2;614;CRT;off;little;visual;tactile
2;615;CRT;off;index;visual;visual
2;616;CRT;off;thumb;tactile;tactile
2;617;CRT;off;ring;tactile;visual
2;618;CRT;off;middle;none;tactile
2;619;CRT;off;ring;visual;visual
2;620;CRT;off;index;visual;tactile
2;621;CRT;off;ring;visual;visual
2;622;CRT;off;ring;tactile;tactile
2;623;CRT;off;ring;visual;visual
2;624;CRT;off;index;tactile;tactile
2;625;CRT;off;little;visual;visual
2;626;CRT;off;index;none;visual
2;627;CRT;off;thumb;tactile;tactile
2;628;CRT;off;little;visual;visual
2;629;CRT;off;ring;visual;tactile
2;630;CRT;off;middle;tactile;visual
2;631;CRT;off;ring;visual;tactile
2;632;CRT;off;little;tactile;visual
2;633;CRT;off;ring;visual;tactile
2;634;CRT;off;index;none;tactile
2;635;CRT;off;middle;visual;visual
2;636;CRT;off;index;visual;visual
2;637;CRT;off;index;none;tactile
2;638;CRT;off;ring;tactile;tactile
2;639;CRT;off;thumb;visual;tactile
2;640;CRT;off;little;tactile;visual
2;641;CRT;off;thumb;none;visual
2;642;CRT;off;middle;visual;visual
2;643;CRT;off;thumb;tactile;visual
2;644;CRT;off;index;none;tactile
2;645;CRT;off;ring;none;visual
2;646;CRT;off;ring;tactile;tactile
2;647;CRT;off;thumb;visual;visual
2;648;CRT;off;thumb;tactile;tactile
2;649;CRT;off;ring;none;tactile
2;650;CRT;off;thumb;tactile;visual
2;651;CRT;off;index;tactile;visual
2;652;CRT;off;thumb;none;tactile
2;653;CRT;off;little;tactile;tactile
2;654;CRT;off;index;tactile;visual
2;655;CRT;off;little;tactile;tactile
2;656;CRT;off;thumb;none;visual
2;657;CRT;off;little;none;visual
2;658;CRT;off;little;tactile;visual
2;659;CRT;off;thumb;visual;tactile
2;660;CRT;off;middle;none;tactile
2;661;FC;on;8;visual
2;662;FC;on;4;visual
2;663;FC;on;6;tactile
2;664;FC;on;8;tactile
2;665;FC;on;4;tactile
2;666;FC;on;4;tactile
2;667;FC;on;4;visual
2;668;FC;on;4;tactile
2;669;FC;on;4;visual
2;670;FC;on;6;visual
2;671;FC;on;8;visual
2;672;FC;on;6;visual
2;673;FC;on;4;visual
2;674;FC;on;6;visual
2;675;FC;on;4;visual
2;676;FC;on;6;tactile
2;677;FC;on;8;visual
2;678;FC;on;6;visual
2;679;FC;on;8;visual
2;680;FC;on;4;tactile
2;681;FC;on;6;tactile
2;682;FC;on;4;tactile
2;683;FC;on;6;visual
2;684;FC;on;8;tactile
2;685;FC;on;8;tactile
2;686;FC;on;8;tactile
2;687;FC;on;6;tactile
2;688;FC;on;6;tactile
2;689;FC;on;8;visual
2;690;FC;on;8;tactile
2;691;FC;on;4;visual
2;692;FC;on;6;visual
2;693;FC;on;6;visual
2;694;FC;on;8;visual
2;695;FC;on;4;tactile
2;696;FC;on;6;visual
2;697;FC;on;4;tactile
2;698;FC;on;6;tactile
2;699;FC;on;6;visual
2;700;FC;on;8;tactile
2;701;FC;on;8;visual
2;702;FC;on;8;tactile
2;703;FC;on;4;visual
2;704;FC;on;8;visual
2;705;FC;on;6;tactile
2;706;FC;on;4;visual
2;707;FC;on;6;tactile
2;708;FC;on;8;tactile
2;709;FC;on;6;tactile
2;710;FC;on;4;visual
2;711;FC;on;6;visual
2;712;FC;on;8;tactile
2;713;FC;on;4;tactile
2;714;FC;on;8;visual
2;715;FC;on;4;visual
2;716;FC;on;8;visual
2;717;FC;on;6;tactile
2;718;FC;on;4;tactile
2;719;FC;on;4;tactile
2;720;FC;on;8;tactile
3;721;CRT;off;index;none;visual
3;722;CRT;off;thumb;tactile;tactile
3;723;CRT;off;thumb;visual;tactile
3;724;CRT;off;little;none;visual
3;725;CRT;off;ring;none;tactile
3;726;CRT;off;thumb;visual;visual
3;727;CRT;off;middle;visual;tactile
3;728;CRT;off;thumb;tactile;visual
3;729;CRT;off;middle;tactile;visual
3;730;CRT;off;little;none;tactile
3;731;CRT;off;ring;visual;tactile
3;732;CRT;off;ring;visual;tactile
3;733;CRT;off;ring;tactile;tactile
3;734;CRT;off;thumb;visual;visual
3;735;CRT;off;index;none;tactile
3;736;CRT;off;thumb;visual;tactile
3;737;CRT;off;ring;none;visual
3;738;CRT;off;middle;tactile;tactile
3;739;CRT;off;little;tactile;tactile
3;740;CRT;off;ring;visual;visual
3;741;CRT;off;index;visual;visual
3;742;CRT;off;thumb;none;visual
3;743;CRT;off;little;none;visual
3;744;CRT;off;index;tactile;tactile
3;745;CRT;off;middle;visual;tactile
3;746;CRT;off;index;tactile;visual
3;747;CRT;off;little;none;tactile
3;748;CRT;off;little;tactile;visual
3;749;CRT;off;ring;visual;visual
3;750;CRT;off;index;none;tactile
3;751;CRT;off;thumb;tactile;tactile
3;752;CRT;off;ring;none;tactile
3;753;CRT;off;ring;none;tactile
3;754;CRT;off;middle;visual;visual
3;755;CRT;off;index;visual;visual
3;756;CRT;off;middle;none;tactile
3;757;CRT;off;little;tactile;tactile
3;758;CRT;off;thumb;tactile;tactile
3;759;CRT;off;ring;tactile;visual
3;760;CRT;off;thumb;visual;tactile
3;761;CRT;off;ring;none;visual
3;762;CRT;off;ring;tactile;visual
3;763;CRT;off;middle;tactile;tactile
3;764;CRT;off;thumb;tactile;visual
3;765;CRT;off;index;none;visual
3;766;CRT;off;ring;tactile;tactile
3;767;CRT;off;index;tactile;visual
3;768;CRT;off;index;visual;tactile
3;769;CRT;off;ring;tactile;tactile
3;770;CRT;off;little;tactile;visual
3;771;CRT;off;ring;tactile;visual
3;772;CRT;off;little;tactile;tactile
3;773;CRT;off;little;visual;tactile
3;774;CRT;off;middle;none;tactile
3;775;CRT;off;little;tactile;tactile
3;776;CRT;off;ring;visual;tactile
3;777;CRT;off;middle;tactile;tactile
3;778;CRT;off;middle;tactile;visual
3;779;CRT;off;little;tactile;visual
3;780;CRT;off;middle;visual;tactile
3;781;CRT;off;thumb;none;tactile
3;782;CRT;off;thumb;visual;visual
3;783;CRT;off;little;none;tactile
3;784;CRT;off;ring;visual;visual
3;785;CRT;off;thumb;none;tactile
3;786;CRT;off;ring;visual;visual
3;787;CRT;off;little;none;visual
3;788;CRT;off;middle;tactile;tactile
3;789;CRT;off;index;visual;visual
3;790;CRT;off;thumb;none;visual
3;791;CRT;off;middle;visual;visual
3;792;CRT;off;index;tactile;visual
3;793;CRT;off;little;none;visual
3;794;CRT;off;thumb;none;tactile
3;795;CRT;off;index;none;visual
3;796;CRT;off;thumb;none;visual
3;797;CRT;off;index;none;tactile
3;798;CRT;off;little;none;tactile
3;799;CRT;off;middle;tactile;visual
3;800;CRT;off;middle;none;visual
3;801;CRT;off;little;visual;visual
3;802;CRT;off;index;visual;tactile
3;803;CRT;off;little;visual;visual
3;804;CRT;off;middle;tactile;tactile
3;805;CRT;off;little;visual;visual
3;806;CRT;off;thumb;tactile;visual
3;807;CRT;off;index;tactile;tactile
3;808;CRT;off;index;visual;tactile
3;809;CRT;off;index;none;tactile
3;810;CRT;off;middle;visual;visual
3;811;CRT;off;thumb;tactile;tactile
3;812;CRT;off;little;tactile;visual
3;813;CRT;off;index;tactile;visual
3;814;CRT;off;middle;tactile;visual
3;815;CRT;off;index;none;visual
3;816;CRT;off;thumb;none;tactile
3;817;CRT;off;index;visual;tactile
3;818;CRT;off;little;visual;visual
3;819;CRT;off;thumb;visual;tactile
3;820;CRT;off;ring;tactile;visual
3;821;CRT;off;index;tactile;tactile
3;822;CRT;off;little;none;tactile
3;823;CRT;off;middle;visual;tactile
3;824;CRT;off;middle;none;visual
3;825;CRT;off;thumb;visual;tactile
3;826;CRT;off;ring;visual;tactile
3;827;CRT;off;ring;tactile;tactile
3;828;CRT;off;middle;none;tactile
3;829;CRT;off;thumb;tactile;visual
3;830;CRT;off;index;visual;tactile
3;831;CRT;off;little;tactile;visual
3;832;CRT;off;ring;none;visual
3;833;CRT;off;middle;none;visual
3;834;CRT;off;little;tactile;tactile
3;835;CRT;off;thumb;visual;visual
3;836;CRT;off;little;visual;tactile
3;837;CRT;off;thumb;tactile;tactile
3;838;CRT;off;ring;visual;visual
3;839;CRT;off;ring;none;visual
3;840;CRT;off;thumb;none;visual
3;841;CRT;off;middle;none;tactile
3;842;CRT;off;middle;none;visual
3;843;CRT;off;middle;visual;visual
3;844;CRT;off;ring;none;visual
3;845;CRT;off;ring;tactile;tactile
3;846;CRT;off;little;visual;tactile
3;847;CRT;off;index;tactile;visual
3;848;CRT;off;index;none;visual
3;849;CRT;off;thumb;visual;visual
3;850;CRT;off;index;none;tactile
3;851;CRT;off;middle;none;visual
3;852;CRT;off;ring;none;tactile
3;853;CRT;off;middle;visual;visual
3;854;CRT;off;index;tactile;tactile
3;855;CRT;off;ring;visual;tactile
3;856;CRT;off;middle;tactile;visual
3;857;CRT;off;little;visual;tactile
3;858;CRT;off;ring;none;tactile
3;859;CRT;off;middle;none;tactile
3;860;CRT;off;thumb;tactile;visual
3;861;CRT;off;little;none;visual
3;862;CRT;off;thumb;none;visual
3;863;CRT;off;index;visual;visual
3;864;CRT;off;little;visual;tactile
3;865;CRT;off;little;visual;visual
3;866;CRT;off;index;tactile;tactile
3;867;CRT;off;thumb;none;tactile
3;868;CRT;off;index;visual;visual
3;869;CRT;off;middle;visual;tactile
3;870;CRT;off;ring;tactile;visual
3;871;CRT;off;thumb;tactile;tactile
3;872;CRT;off;middle;none;visual
3;873;CRT;off;thumb;visual;visual
3;874;CRT;off;index;none;visual
3;875;CRT;off;thumb;none;visual
3;876;CRT;off;thumb;tactile;tactile
3;877;CRT;off;thumb;none;tactile
3;878;CRT;off;middle;visual;visual
3;879;CRT;off;middle;tactile;tactile
3;880;CRT;off;ring;tactile;tactile
3;881;CRT;off;thumb;tactile;visual
3;882;CRT;off;little;visual;tactile
3;883;CRT;off;ring;tactile;visual
3;884;CRT;off;thumb;none;tactile
3;885;CRT;off;ring;none;tactile
3;886;CRT;off;index;visual;tactile
3;887;CRT;off;ring;none;visual
3;888;CRT;off;little;none;tactile
3;889;CRT;off;thumb;visual;visual
3;890;CRT;off;index;none;tactile
3;891;CRT;off;thumb;visual;tactile
3;892;CRT;off;little;none;tactile
3;893;CRT;off;thumb;none;tactile
3;894;CRT;off;index;tactile;visual
3;895;CRT;off;ring;visual;visual
3;896;CRT;off;middle;visual;tactile
3;897;CRT;off;index;visual;visual
3;898;CRT;off;ring;tactile;tactile
3;899;CRT;off;ring;visual;tactile
3;900;CRT;off;index;tactile;visual
3;901;CRT;off;index;visual;tactile
3;902;CRT;off;index;none;visual
3;903;CRT;off;middle;visual;visual
3;904;CRT;off;little;none;visual
3;905;CRT;off;middle;visual;tactile
3;906;CRT;off;little;visual;tactile
3;907;CRT;off;little;tactile;tactile
3;908;CRT;off;little;tactile;visual
3;909;CRT;off;middle;tactile;visual
3;910;CRT;off;index;visual;tactile
3;911;CRT;off;little;none;tactile
3;912;CRT;off;middle;visual;tactile
3;913;CRT;off;little;none;visual
3;914;CRT;off;middle;none;visual
3;915;CRT;off;ring;tactile;tactile
3;916;CRT;off;ring;tactile;tactile
3;917;CRT;off;middle;none;visual
3;918;CRT;off;ring;visual;visual
3;919;CRT;off;ring;none;visual
3;920;CRT;off;ring;none;tactile
3;921;CRT;off;ring;visual;tactile
3;922;CRT;off;thumb;tactile;tactile
3;923;CRT;off;thumb;visual;tactile
3;924;CRT;off;little;tactile;visual
3;925;CRT;off;thumb;none;tactile
3;926;CRT;off;index;none;tactile
3;927;CRT;off;index;tactile;tactile
3;928;CRT;off;little;visual;tactile
3;929;CRT;off;little;visual;tactile
3;930;CRT;off;ring;visual;tactile
3;931;CRT;off;middle;tactile;tactile
3;932;CRT;off;index;none;visual
3;933;CRT;off;ring;visual;tactile
3;934;CRT;off;ring;none;tactile
3;935;CRT;off;ring;none;visual
3;936;CRT;off;ring;visual;visual
3;937;CRT;off;little;none;visual
3;938;CRT;off;little;visual;visual
3;939;CRT;off;little;none;tactile
3;940;CRT;off;little;visual;visual
3;941;CRT;off;little;visual;visual
3;942;CRT;off;middle;none;visual
3;943;CRT;off;thumb;none;visual
3;944;CRT;off;little;visual;visual
3;945;CRT;off;ring;none;visual
3;946;CRT;off;thumb;tactile;tactile
3;947;CRT;off;index;none;tactile
3;948;CRT;off;thumb;none;visual
3;949;CRT;off;ring;none;tactile
3;950;CRT;off;thumb;none;visual
3;951;CRT;off;thumb;visual;visual
3;952;CRT;off;index;none;tactile
3;953;CRT;off;middle;visual;visual
3;954;CRT;off;index;tactile;tactile
3;955;CRT;off;index;tactile;tactile
3;956;CRT;off;index;visual;visual
3;957;CRT;off;index;tactile;visual
3;958;CRT;off;thumb;tactile;visual
3;959;CRT;off;middle;none;visual
3;960;CRT;off;ring;tactile;visual
3;961;CRT;off;middle;visual;visual
3;962;CRT;off;little;tactile;tactile
3;963;CRT;off;middle;tactile;visual
3;964;CRT;off;middle;none;tactile
3;965;CRT;off;little;none;tactile
3;966;CRT;off;little;visual;tactile
3;967;CRT;off;thumb;tactile;visual
3;968;CRT;off;index;none;tactile
3;969;CRT;off;ring;tactile;visual
3;970;CRT;off;little;none;visual
3;971;CRT;off;middle;none;tactile
3;972;CRT;off;ring;visual;tactile
3;973;CRT;off;ring;visual;visual
3;974;CRT;off;thumb;none;tactile
3;975;CRT;off;middle;visual;tactile
3;976;CRT;off;index;visual;tactile
3;977;CRT;off;index;tactile;tactile
3;978;CRT;off;middle;tactile;visual
3;979;CRT;off;thumb;visual;tactile
3;980;CRT;off;middle;tactile;tactile
3;981;CRT;off;middle;tactile;tactile
3;982;CRT;off;index;tactile;visual
3;983;CRT;off;little;tactile;tactile
3;984;CRT;off;little;tactile;visual
3;985;CRT;off;thumb;visual;tactile
3;986;CRT;off;middle;visual;visual
3;987;CRT;off;middle;none;tactile
3;988;CRT;off;thumb;visual;visual
3;989;CRT;off;ring;tactile;visual
3;990;CRT;off;little;tactile;tactile
3;991;CRT;off;middle;none;tactile
3;992;CRT;off;ring;visual;visual
3;993;CRT;off;little;tactile;visual
3;994;CRT;off;ring;none;tactile
3;995;CRT;off;middle;visual;tactile
3;996;CRT;off;index;visual;visual
3;997;CRT;off;ring;none;visual
3;998;CRT;off;index;none;visual
3;999;CRT;off;middle;tactile;tactile
3;1000;CRT;off;index;visual;visual
3;1001;CRT;off;index;visual;tactile
3;1002;CRT;off;thumb;none;visual
3;1003;CRT;off;little;tactile;tactile
3;1004;CRT;off;middle;tactile;visual
3;1005;CRT;off;index;tactile;tactile
3;1006;CRT;off;thumb;visual;visual
3;1007;CRT;off;little;tactile;visual
3;1008;CRT;off;ring;tactile;tactile
3;1009;CRT;off;middle;none;tactile
3;1010;CRT;off;index;none;visual
3;1011;CRT;off;middle;tactile;visual
3;1012;CRT;off;index;visual;visual
3;1013;CRT;off;little;visual;visual
3;1014;CRT;off;little;none;visual
3;1015;CRT;off;thumb;tactile;visual
3;1016;CRT;off;ring;tactile;visual
3;1017;CRT;off;thumb;tactile;visual
3;1018;CRT;off;thumb;visual;tactile
3;1019;CRT;off;thumb;tactile;tactile
3;1020;CRT;off;index;tactile;visual
3;1021;FC;on;8;visual
3;1022;FC;on;4;tactile
3;1023;FC;on;4;tactile
3;1024;FC;on;6;visual
3;1025;FC;on;8;visual
3;1026;FC;on;8;visual
3;1027;FC;on;8;tactile
3;1028;FC;on;8;tactile
3;1029;FC;on;6;visual
3;1030;FC;on;4;visual
3;1031;FC;on;4;tactile
3;1032;FC;on;8;tactile
3;1033;FC;on;8;visual
3;1034;FC;on;4;visual
3;1035;FC;on;6;tactile
3;1036;FC;on;4;visual
3;1037;FC;on;8;tactile
3;1038;FC;on;8;visual
3;1039;FC;on;6;visual
3;1040;FC;on;8;tactile
3;1041;FC;on;6;tactile
3;1042;FC;on;6;visual
3;1043;FC;on;4;tactile
3;1044;FC;on;6;visual
3;1045;FC;on;4;tactile
3;1046;FC;on;6;tactile
3;1047;FC;on;6;tactile
3;1048;FC;on;4;visual
3;1049;FC;on;4;visual
3;1050;FC;on;6;tactile
3;1051;FC;on;4;visual
3;1052;FC;on;6;visual
3;1053;FC;on;8;visual
3;1054;FC;on;8;tactile
3;1055;FC;on;4;tactile
3;1056;FC;on;8;visual
3;1057;FC;on;8;tactile
3;1058;FC;on;4;visual
3;1059;FC;on;4;visual
3;1060;FC;on;6;visual
3;1061;FC;on;6;visual
3;1062;FC;on;8;tactile
3;1063;FC;on;6;visual
3;1064;FC;on;4;tactile
3;1065;FC;on;8;visual
3;1066;FC;on;6;tactile
3;1067;FC;on;4;visual
3;1068;FC;on;4;visual
3;1069;FC;on;8;visual
3;1070;FC;on;6;tactile
3;1071;FC;on;6;visual
3;1072;FC;on;8;tactile
3;1073;FC;on;4;tactile
3;1074;FC;on;6;tactile
3;1075;FC;on;8;tactile
3;1076;FC;on;4;tactile
3;1077;FC;on;8;visual
3;1078;FC;on;6;tactile
3;1079;FC;on;4;tactile
3;1080;FC;on;6;tactile
4;1081;CRT;off;index;visual;tactile
4;1082;CRT;off;middle;tactile;visual
4;1083;CRT;off;thumb;none;tactile
4;1084;CRT;off;little;tactile;visual
4;1085;CRT;off;ring;none;visual
4;1086;CRT;off;index;visual;visual
4;1087;CRT;off;little;none;tactile
4;1088;CRT;off;thumb;tactile;visual
4;1089;CRT;off;middle;tactile;visual
4;1090;CRT;off;middle;tactile;tactile
4;1091;CRT;off;ring;none;tactile
4;1092;CRT;off;ring;tactile;visual
4;1093;CRT;off;little;visual;visual
4;1094;CRT;off;thumb;visual;visual
4;1095;CRT;off;thumb;tactile;tactile
4;1096;CRT;off;middle;tactile;tactile
4;1097;CRT;off;middle;visual;tactile
4;1098;CRT;off;index;none;tactile
4;1099;CRT;off;middle;visual;tactile
4;1100;CRT;off;thumb;none;tactile
4;1101;CRT;off;little;visual;tactile
4;1102;CRT;off;ring;visual;tactile
4;1103;CRT;off;index;none;visual
4;1104;CRT;off;little;none;tactile
4;1105;CRT;off;little;visual;tactile
4;1106;CRT;off;index;tactile;visual
4;1107;CRT;off;middle;visual;visual
4;1108;CRT;off;index;tactile;tactile
4;1109;CRT;off;ring;none;tactile
4;1110;CRT;off;little;none;tactile
4;1111;CRT;off;ring;tactile;tactile
4;1112;CRT;off;little;visual;visual
4;1113;CRT;off;thumb;none;tactile
4;1114;CRT;off;little;tactile;tactile
4;1115;CRT;off;little;tactile;visual
4;1116;CRT;off;middle;none;visual
4;1117;CRT;off;ring;visual;tactile
4;1118;CRT;off;index;visual;visual
4;1119;CRT;off;little;tactile;visual
4;1120;CRT;off;little;visual;visual
4;1121;CRT;off;middle;visual;tactile
4;1122;CRT;off;little;visual;tactile
4;1123;CRT;off;ring;visual;visual
4;1124;CRT;off;ring;visual;visual
4;1125;CRT;off;ring;tactile;tactile
4;1126;CRT;off;middle;tactile;tactile
4;1127;CRT;off;ring;tactile;visual
4;1128;CRT;off;thumb;visual;visual
4;1129;CRT;off;middle;visual;tactile
4;1130;CRT;off;ring;none;visual
4;1131;CRT;off;little;none;visual
4;1132;CRT;off;thumb;tactile;tactile
4;1133;CRT;off;index;tactile;visual
4;1134;CRT;off;middle;tactile;tactile
4;1135;CRT;off;little;none;visual
4;1136;CRT;off;thumb;none;visual
4;1137;CRT;off;index;none;visual
4;1138;CRT;off;thumb;visual;visual
4;1139;CRT;off;middle;tactile;visual
4;1140;CRT;off;thumb;tactile;visual
4;1141;CRT;off;index;visual;tactile
4;1142;CRT;off;index;none;tactile
4;1143;CRT;off;middle;none;tactile
4;1144;CRT;off;little;none;visual
4;1145;CRT;off;ring;tactile;tactile
4;1146;CRT;off;little;tactile;visual
4;1147;CRT;off;little;tactile;tactile
4;1148;CRT;off;thumb;none;tactile
4;1149;CRT;off;little;none;visual
4;1150;CRT;off;little;tactile;tactile
4;1151;CRT;off;index;tactile;tactile
4;1152;CRT;off;little;visual;tactile
4;1153;CRT;off;little;visual;tactile
4;1154;CRT;off;index;visual;tactile
4;1155;CRT;off;index;tactile;visual
4;1156;CRT;off;middle;tactile;visual
4;1157;CRT;off;ring;visual;visual
4;1158;CRT;off;thumb;none;visual
4;1159;CRT;off;thumb;none;visual
4;1160;CRT;off;middle;visual;tactile
4;1161;CRT;off;ring;visual;tactile
4;1162;CRT;off;ring;none;visual
4;1163;CRT;off;index;visual;tactile
4;1164;CRT;off;middle;none;tactile
4;1165;CRT;off;middle;tactile;visual
4;1166;CRT;off;little;none;tactile
4;1167;CRT;off;index;none;tactile
4;1168;CRT;off;thumb;none;tactile
4;1169;CRT;off;thumb;visual;tactile
4;1170;CRT;off;middle;none;visual
4;1171;CRT;off;thumb;visual;tactile
4;1172;CRT;off;thumb;tactile;tactile
4;1173;CRT;off;middle;visual;visual
4;1174;CRT;off;thumb;visual;visual
4;1175;CRT;off;ring;none;visual
4;1176;CRT;off;index;none;visual
4;1177;CRT;off;thumb;none;visual
4;1178;CRT;off;little;visual;visual
4;1179;CRT;off;ring;none;tactile
4;1180;CRT;off;ring;visual;tactile
4;1181;CRT;off;ring;tactile;visual
4;1182;CRT;off;little;none;visual
4;1183;CRT;off;thumb;tactile;tactile
4;1184;CRT;off;ring;tactile;visual
4;1185;CRT;off;thumb;tactile;visual
4;1186;CRT;off;middle;none;tactile
4;1187;CRT;off;middle;visual;visual
4;1188;CRT;off;thumb;tactile;tactile
4;1189;CRT;off;ring;tactile;tactile
4;1190;CRT;off;ring;none;tactile
4;1191;CRT;off;middle;none;tactile
4;1192;CRT;off;index;visual;visual
4;1193;CRT;off;middle;none;visual
4;1194;CRT;off;index;tactile;tactile
4;1195;CRT;off;ring;visual;visual
4;1196;CRT;off;middle;visual;visual
4;1197;CRT;off;ring;visual;tactile
4;1198;CRT;off;thumb;visual;tactile
4;1199;CRT;off;thumb;visual;tactile
4;1200;CRT;off;little;tactile;tactile
4;1201;CRT;off;index;visual;tactile
4;1202;CRT;off;little;none;tactile
4;1203;CRT;off;middle;none;tactile
4;1204;CRT;off;ring;none;tactile
4;1205;CRT;off;index;tactile;visual
4;1206;CRT;off;ring;tactile;visual
4;1207;CRT;off;ring;tactile;tactile
4;1208;CRT;off;index;tactile;tactile
4;1209;CRT;off;thumb;tactile;visual
4;1210;CRT;off;thumb;visual;tactile
4;1211;CRT;off;ring;visual;visual
4;1212;CRT;off;index;tactile;visual
4;1213;CRT;off;index;none;tactile
4;1214;CRT;off;middle;tactile;tactile
4;1215;CRT;off;index;visual;visual
4;1216;CRT;off;little;tactile;tactile
4;1217;CRT;off;index;none;visual
4;1218;CRT;off;thumb;visual;visual
4;1219;CRT;off;thumb;none;visual
4;1220;CRT;off;middle;none;visual
4;1221;CRT;off;middle;none;visual
4;1222;CRT;off;index;none;visual
4;1223;CRT;off;middle;visual;visual
4;1224;CRT;off;little;tactile;visual
4;1225;CRT;off;index;tactile;tactile
4;1226;CRT;off;little;visual;visual
4;1227;CRT;off;index;visual;visual
4;1228;CRT;off;index;none;tactile
4;1229;CRT;off;ring;none;visual
4;1230;CRT;off;thumb;tactile;visual
4;1231;CRT;off;middle;visual;tactile
4;1232;CRT;off;index;none;tactile
4;1233;CRT;off;index;visual;visual
4;1234;CRT;off;middle;tactile;visual
4;1235;CRT;off;middle;none;tactile
4;1236;CRT;off;little;visual;tactile
4;1237;CRT;off;thumb;none;tactile
4;1238;CRT;off;ring;none;tactile
4;1239;CRT;off;index;tactile;tactile
4;1240;CRT;off;thumb;visual;tactile
4;1241;CRT;off;ring;tactile;tactile
4;1242;CRT;off;thumb;tactile;visual
4;1243;CRT;off;thumb;tactile;visual
4;1244;CRT;off;middle;visual;tactile
4;1245;CRT;off;thumb;visual;visual
4;1246;CRT;off;index;tactile;visual
4;1247;CRT;off;index;none;visual
4;1248;CRT;off;thumb;none;tactile
4;1249;CRT;off;middle;none;visual
4;1250;CRT;off;ring;visual;visual
4;1251;CRT;off;thumb;tactile;visual
4;1252;CRT;off;thumb;visual;tactile
4;1253;CRT;off;little;none;visual
4;1254;CRT;off;middle;tactile;tactile
4;1255;CRT;off;middle;tactile;tactile
4;1256;CRT;off;thumb;none;tactile
4;1257;CRT;off;ring;tactile;tactile
4;1258;CRT;off;thumb;none;visual
4;1259;CRT;off;thumb;visual;visual
4;1260;CRT;off;thumb;tactile;tactile
4;1261;CRT;off;ring;visual;tactile
4;1262;CRT;off;ring;none;visual
4;1263;CRT;off;middle;visual;visual
4;1264;CRT;off;index;none;tactile
4;1265;CRT;off;middle;none;visual
4;1266;CRT;off;index;none;tactile
4;1267;CRT;off;little;none;visual
4;1268;CRT;off;ring;tactile;visual
4;1269;CRT;off;index;none;visual
4;1270;CRT;off;little;visual;tactile
4;1271;CRT;off;middle;none;tactile
4;1272;CRT;off;little;visual;tactile
4;1273;CRT;off;ring;none;tactile
4;1274;CRT;off;ring;visual;tactile
4;1275;CRT;off;index;tactile;visual
4;1276;CRT;off;little;none;tactile
4;1277;CRT;off;little;none;visual
4;1278;CRT;off;index;tactile;visual
4;1279;CRT;off;index;visual;visual
4;1280;CRT;off;ring;tactile;visual
4;1281;CRT;off;middle;tactile;tactile
4;1282;CRT;off;middle;none;visual
4;1283;CRT;off;little;visual;visual
4;1284;CRT;off;thumb;tactile;visual
4;1285;CRT;off;thumb;tactile;tactile
4;1286;CRT;off;index;visual;visual
4;1287;CRT;off;thumb;tactile;tactile
4;1288;CRT;off;ring;visual;visual
4;1289;CRT;off;little;tactile;tactile
4;1290;CRT;off;index;visual;tactile
4;1291;CRT;off;index;tactile;tactile
4;1292;CRT;off;thumb;none;tactile
4;1293;CRT;off;thumb;visual;tactile
4;1294;CRT;off;thumb;visual;visual
4;1295;CRT;off;middle;tactile;visual
4;1296;CRT;off;little;none;visual
4;1297;CRT;off;index;none;tactile
4;1298;CRT;off;little;tactile;visual
4;1299;CRT;off;little;none;tactile
4;1300;CRT;off;little;visual;tactile
4;1301;CRT;off;middle;visual;visual
4;1302;CRT;off;index;visual;visual
4;1303;CRT;off;thumb;visual;visual
4;1304;CRT;off;ring;none;tactile
4;1305;CRT;off;ring;none;tactile
4;1306;CRT;off;ring;none;visual
4;1307;CRT;off;thumb;tactile;visual
4;1308;CRT;off;middle;none;tactile
4;1309;CRT;off;middle;none;tactile
4;1310;CRT;off;little;tactile;tactile
4;1311;CRT;off;little;visual;visual
4;1312;CRT;off;little;visual;visual
4;1313;CRT;off;index;visual;tactile
4;1314;CRT;off;middle;none;visual
4;1315;CRT;off;little;visual;visual
4;1316;CRT;off;thumb;visual;tactile
4;1317;CRT;off;middle;visual;tactile
4;1318;CRT;off;thumb;none;visual
4;1319;CRT;off;little;tactile;visual
4;1320;CRT;off;index;none;visual
4;1321;CRT;off;little;tactile;visual
4;1322;CRT;off;thumb;visual;tactile
4;1323;CRT;off;middle;visual;visual
4;1324;CRT;off;little;none;tactile
4;1325;CRT;off;index;visual;visual
4;1326;CRT;off;ring;visual;tactile
4;1327;CRT;off;middle;tactile;tactile
4;1328;CRT;off;index;visual;tactile
4;1329;CRT;off;middle;visual;tactile
4;1330;CRT;off;ring;none;visual
4;1331;CRT;off;thumb;none;tactile
4;1332;CRT;off;middle;visual;tactile
4;1333;CRT;off;middle;tactile;visual
4;1334;CRT;off;thumb;tactile;tactile
4;1335;CRT;off;ring;none;visual
4;1336;CRT;off;middle;tactile;visual
4;1337;CRT;off;middle;tactile;visual
4;1338;CRT;off;ring;visual;tactile
4;1339;CRT;off;middle;none;tactile
4;1340;CRT;off;little;tactile;visual
4;1341;CRT;off;index;tactile;tactile
4;1342;CRT;off;ring;none;visual
4;1343;CRT;off;little;none;tactile
4;1344;CRT;off;ring;visual;visual
4;1345;CRT;off;index;tactile;visual
4;1346;CRT;off;thumb;none;visual
4;1347;CRT;off;ring;tactile;visual
4;1348;CRT;off;thumb;tactile;tactile
4;1349;CRT;off;ring;none;tactile
4;1350;CRT;off;index;none;visual
4;1351;CRT;off;index;none;tactile
4;1352;CRT;off;little;tactile;visual
4;1353;CRT;off;index;tactile;tactile
4;1354;CRT;off;little;tactile;tactile
4;1355;CRT;off;index;tactile;visual
4;1356;CRT;off;ring;tactile;visual
4;1357;CRT;off;ring;visual;tactile
4;1358;CRT;off;index;tactile;tactile
4;1359;CRT;off;ring;tactile;visual
4;1360;CRT;off;ring;visual;visual
4;1361;CRT;off;middle;visual;visual
4;1362;CRT;off;middle;visual;visual
4;1363;CRT;off;little;none;tactile
4;1364;CRT;off;little;visual;visual
4;1365;CRT;off;little;none;visual
4;1366;CRT;off;little;visual;tactile
4;1367;CRT;off;index;visual;tactile
4;1368;CRT;off;ring;visual;visual
4;1369;CRT;off;middle;tactile;tactile
4;1370;CRT;off;little;tactile;tactile
4;1371;CRT;off;ring;tactile;tactile
4;1372;CRT;off;ring;tactile;tactile
4;1373;CRT;off;index;none;visual
4;1374;CRT;off;thumb;visual;visual
4;1375;CRT;off;thumb;none;visual
4;1376;CRT;off;thumb;none;visual
4;1377;CRT;off;middle;none;visual
4;1378;CRT;off;index;visual;tactile
4;1379;CRT;off;little;tactile;tactile
4;1380;CRT;off;ring;tactile;tactile
4;1381;FC;on;8;visual
4;1382;FC;on;4;visual
4;1383;FC;on;4;visual
4;1384;FC;on;4;tactile
4;1385;FC;on;6;visual
4;1386;FC;on;4;tactile
4;1387;FC;on;4;tactile
4;1388;FC;on;6;tactile
4;1389;FC;on;8;tactile
4;1390;FC;on;4;tactile
4;1391;FC;on;6;visual
4;1392;FC;on;4;visual
4;1393;FC;on;4;visual
4;1394;FC;on;4;visual
4;1395;FC;on;6;visual
4;1396;FC;on;8;tactile
4;1397;FC;on;6;tactile
4;1398;FC;on;8;tactile
4;1399;FC;on;6;tactile
4;1400;FC;on;6;visual
4;1401;FC;on;8;visual
4;1402;FC;on;8;tactile
4;1403;FC;on;6;tactile
4;1404;FC;on;4;tactile
4;1405;FC;on;8;visual
4;1406;FC;on;6;tactile
4;1407;FC;on;8;tactile
4;1408;FC;on;8;visual
4;1409;FC;on;8;visual
4;1410;FC;on;6;visual
4;1411;FC;on;4;visual
4;1412;FC;on;6;tactile
4;1413;FC;on;8;tactile
4;1414;FC;on;6;visual
4;1415;FC;on;8;visual
4;1416;FC;on;8;visual
4;1417;FC;on;6;visual
4;1418;FC;on;4;tactile
4;1419;FC;on;8;visual
4;1420;FC;on;4;visual
4;1421;FC;on;8;tactile
4;1422;FC;on;8;tactile
4;1423;FC;on;4;visual
4;1424;FC;on;6;tactile
4;1425;FC;on;6;visual
4;1426;FC;on;6;visual
4;1427;FC;on;4;tactile
4;1428;FC;on;4;tactile
4;1429;FC;on;8;visual
4;1430;FC;on;4;tactile
4;1431;FC;on;6;tactile
4;1432;FC;on;8;tactile
4;1433;FC;on;4;tactile
4;1434;FC;on;8;visual
4;1435;FC;on;6;visual
4;1436;FC;on;4;visual
4;1437;FC;on;4;visual
4;1438;FC;on;6;tactile
4;1439;FC;on;8;tactile
4;1440;FC;on;6;tactile
5;1441;FC;off;6;visual
5;1442;FC;off;4;tactile
5;1443;FC;off;8;visual
5;1444;FC;off;4;tactile
5;1445;FC;off;8;tactile
5;1446;FC;off;6;visual
5;1447;FC;off;8;visual
5;1448;FC;off;4;visual
5;1449;FC;off;4;visual
5;1450;FC;off;6;visual
5;1451;FC;off;4;tactile
5;1452;FC;off;8;tactile
5;1453;FC;off;8;visual
5;1454;FC;off;6;visual
5;1455;FC;off;4;visual
5;1456;FC;off;8;tactile
5;1457;FC;off;8;tactile
5;1458;FC;off;4;tactile
5;1459;FC;off;6;tactile
5;1460;FC;off;6;visual
5;1461;FC;off;4;visual
5;1462;FC;off;6;tactile
5;1463;FC;off;8;visual
5;1464;FC;off;6;tactile
5;1465;FC;off;4;tactile
5;1466;FC;off;6;tactile
5;1467;FC;off;6;tactile
5;1468;FC;off;8;visual
5;1469;FC;off;4;visual
5;1470;FC;off;8;tactile
5;1471;CRT;off;thumb;none;visual
5;1472;CRT;off;ring;visual;tactile
5;1473;CRT;off;little;tactile;tactile
5;1474;CRT;off;thumb;none;visual
5;1475;CRT;off;ring;tactile;visual
5;1476;CRT;off;thumb;none;tactile
5;1477;CRT;off;ring;visual;tactile
5;1478;CRT;off;thumb;none;tactile
5;1479;CRT;off;ring;tactile;visual
5;1480;CRT;off;thumb;none;visual
5;1481;CRT;off;little;none;visual
5;1482;CRT;off;index;none;visual
5;1483;CRT;off;middle;visual;tactile
5;1484;CRT;off;index;tactile;tactile
5;1485;CRT;off;middle;tactile;tactile
5;1486;CRT;off;index;tactile;visual
5;1487;CRT;off;thumb;visual;visual
5;1488;CRT;off;index;visual;visual
5;1489;CRT;off;index;none;visual
5;1490;CRT;off;ring;none;tactile
5;1491;CRT;off;middle;visual;tactile
5;1492;CRT;off;index;tactile;tactile
5;1493;CRT;off;ring;visual;visual
5;1494;CRT;off;middle;none;visual
5;1495;CRT;off;ring;none;visual
5;1496;CRT;off;thumb;visual;tactile
5;1497;CRT;off;ring;visual;visual
5;1498;CRT;off;index;visual;tactile
5;1499;CRT;off;index;visual;visual
5;1500;CRT;off;middle;none;tactile
5;1501;CRT;off;index;visual;tactile
5;1502;CRT;off;little;none;visual
5;1503;CRT;off;index;tactile;tactile
5;1504;CRT;off;index;tactile;tactile
5;1505;CRT;off;thumb;none;tactile
5;1506;CRT;off;little;visual;tactile
5;1507;CRT;off;index;tactile;tactile
5;1508;CRT;off;thumb;none;visual
5;1509;CRT;off;middle;tactile;tactile
5;1510;CRT;off;index;visual;tactile
5;1511;CRT;off;thumb;tactile;visual
5;1512;CRT;off;little;visual;tactile
5;1513;CRT;off;thumb;tactile;visual
5;1514;CRT;off;little;none;visual
5;1515;CRT;off;middle;tactile;visual
5;1516;CRT;off;index;none;tactile
5;1517;CRT;off;little;none;tactile
5;1518;CRT;off;ring;tactile;tactile
5;1519;CRT;off;index;tactile;visual
5;1520;CRT;off;ring;none;tactile
5;1521;CRT;off;middle;none;tactile
5;1522;CRT;off;middle;none;tactile
5;1523;CRT;off;ring;tactile;visual
5;1524;CRT;off;thumb;tactile;tactile
5;1525;CRT;off;thumb;visual;visual
5;1526;CRT;off;ring;tactile;tactile
5;1527;CRT;off;little;tactile;visual
5;1528;CRT;off;ring;tactile;tactile
5;1529;CRT;off;ring;tactile;visual
5;1530;CRT;off;thumb;none;tactile
5;1531;CRT;off;little;visual;tactile
5;1532;CRT;off;thumb;visual;visual
5;1533;CRT;off;middle;tactile;visual
5;1534;CRT;off;ring;tactile;tactile
5;1535;CRT;off;index;tactile;visual
5;1536;CRT;off;ring;none;visual
5;1537;CRT;off;little;visual;tactile
5;1538;CRT;off;thumb;visual;visual
5;1539;CRT;off;thumb;tactile;tactile
5;1540;CRT;off;middle;none;visual
5;1541;CRT;off;middle;none;visual
5;1542;CRT;off;little;visual;tactile
5;1543;CRT;off;middle;tactile;tactile
5;1544;CRT;off;middle;visual;tactile
5;1545;CRT;off;index;none;tactile
5;1546;CRT;off;middle;visual;tactile
5;1547;CRT;off;ring;visual;tactile
5;1548;CRT;off;index;visual;tactile
5;1549;CRT;off;little;tactile;tactile
5;1550;CRT;off;ring;none;visual
5;1551;CRT;off;ring;visual;visual
5;1552;CRT;off;middle;visual;visual
5;1553;CRT;off;little;none;tactile
5;1554;CRT;off;middle;none;visual
5;1555;CRT;off;little;tactile;visual
5;1556;CRT;off;ring;tactile;visual
5;1557;CRT;off;thumb;none;tactile
5;1558;CRT;off;middle;tactile;visual
5;1559;CRT;off;little;visual;visual
5;1560;CRT;off;ring;visual;tactile
5;1561;CRT;off;index;tactile;visual
5;1562;CRT;off;little;none;tactile
5;1563;CRT;off;thumb;tactile;tactile
5;1564;CRT;off;little;tactile;tactile
5;1565;CRT;off;little;tactile;visual
5;1566;CRT;off;ring;none;visual
5;1567;CRT;off;little;tactile;tactile
5;1568;CRT;off;ring;tactile;tactile
5;1569;CRT;off;middle;visual;tactile
5;1570;CRT;off;ring;visual;visual
5;1571;CRT;off;little;tactile;visual
5;1572;CRT;off;ring;none;visual
5;1573;CRT;off;index;visual;visual
5;1574;CRT;off;thumb;visual;tactile
5;1575;CRT;off;middle;tactile;tactile
5;1576;CRT;off;little;visual;visual
5;1577;CRT;off;ring;visual;tactile
5;1578;CRT;off;little;tactile;visual
5;1579;CRT;off;thumb;tactile;visual
5;1580;CRT;off;thumb;none;visual
5;1581;CRT;off;thumb;tactile;visual
5;1582;CRT;off;index;visual;visual
5;1583;CRT;off;little;none;tactile
5;1584;CRT;off;little;visual;visual
5;1585;CRT;off;middle;tactile;visual
5;1586;CRT;off;index;visual;visual
5;1587;CRT;off;ring;none;tactile
5;1588;CRT;off;ring;none;tactile
5;1589;CRT;off;index;none;tactile
5;1590;CRT;off;little;visual;visual
5;1591;CRT;off;middle;visual;visual
5;1592;CRT;off;thumb;visual;tactile
5;1593;CRT;off;middle;none;tactile
5;1594;CRT;off;thumb;visual;tactile
5;1595;CRT;off;little;none;tactile
5;1596;CRT;off;index;none;tactile
5;1597;CRT;off;index;none;visual
5;1598;CRT;off;thumb;visual;tactile
5;1599;CRT;off;thumb;tactile;tactile
5;1600;CRT;off;little;none;visual
5;1601;CRT;off;little;tactile;tactile
5;1602;CRT;off;thumb;tactile;tactile
5;1603;CRT;off;middle;visual;visual
5;1604;CRT;off;index;none;visual
5;1605;CRT;off;middle;visual;visual
5;1606;CRT;off;middle;tactile;tactile
5;1607;CRT;off;index;none;tactile
5;1608;CRT;off;index;visual;tactile
5;1609;CRT;off;index;tactile;visual
5;1610;CRT;off;thumb;tactile;visual
5;1611;CRT;off;thumb;visual;visual
5;1612;CRT;off;ring;visual;visual
5;1613;CRT;off;middle;none;tactile
5;1614;CRT;off;index;none;visual
5;1615;CRT;off;middle;none;visual
5;1616;CRT;off;little;none;visual
5;1617;CRT;off;little;visual;visual
5;1618;CRT;off;middle;tactile;visual
5;1619;CRT;off;middle;visual;visual
5;1620;CRT;off;ring;none;tactile
5;1621;CRT;on;thumb;visual;tactile
5;1622;CRT;on;index;none;visual
5;1623;CRT;on;little;none;tactile
5;1624;CRT;on;little;tactile;tactile
5;1625;CRT;on;little;visual;visual
5;1626;CRT;on;ring;tactile;tactile
5;1627;CRT;on;middle;visual;tactile
5;1628;CRT;on;index;visual;visual
5;1629;CRT;on;index;visual;tactile
5;1630;CRT;on;middle;tactile;visual
5;1631;CRT;on;middle;none;visual
5;1632;CRT;on;ring;visual;visual
5;1633;CRT;on;middle;visual;visual
5;1634;CRT;on;ring;tactile;visual
5;1635;CRT;on;ring;visual;visual
5;1636;CRT;on;little;none;visual
5;1637;CRT;on;middle;none;visual
5;1638;CRT;on;ring;none;tactile
5;1639;CRT;on;index;none;visual
5;1640;CRT;on;thumb;tactile;visual
5;1641;CRT;on;index;visual;tactile
5;1642;CRT;on;ring;tactile;visual
5;1643;CRT;on;middle;visual;visual
5;1644;CRT;on;middle;visual;tactile
5;1645;CRT;on;middle;none;tactile
5;1646;CRT;on;ring;tactile;visual
5;1647;CRT;on;little;visual;visual
5;1648;CRT;on;ring;none;visual
5;1649;CRT;on;ring;none;visual
5;1650;CRT;on;index;visual;tactile
5;1651;CRT;on;middle;none;tactile
5;1652;CRT;on;thumb;visual;tactile
5;1653;CRT;on;thumb;visual;visual
5;1654;CRT;on;little;tactile;tactile
5;1655;CRT;on;index;none;tactile
5;1656;CRT;on;thumb;tactile;visual
5;1657;CRT;on;ring;none;tactile
5;1658;CRT;on;thumb;none;tactile
5;1659;CRT;on;thumb;tactile;visual
5;1660;CRT;on;index;visual;tactile
5;1661;CRT;on;middle;visual;tactile
5;1662;CRT;on;index;tactile;visual
5;1663;CRT;on;thumb;tactile;tactile
5;1664;CRT;on;thumb;tactile;visual
5;1665;CRT;on;ring;none;visual
5;1666;CRT;on;ring;visual;visual
5;1667;CRT;on;little;visual;tactile
5;1668;CRT;on;thumb;visual;tactile
5;1669;CRT;on;little;tactile;visual
5;1670;CRT;on;little;none;visual
5;1671;CRT;on;little;visual;tactile
5;1672;CRT;on;index;none;visual
5;1673;CRT;on;index;none;visual
5;1674;CRT;on;index;tactile;visual
5;1675;CRT;on;thumb;none;visual
5;1676;CRT;on;little;none;visual
5;1677;CRT;on;index;visual;visual
5;1678;CRT;on;little;none;tactile
5;1679;CRT;on;little;visual;visual
5;1680;CRT;on;index;visual;visual
5;1681;CRT;on;middle;tactile;tactile
5;1682;CRT;on;middle;tactile;visual
5;1683;CRT;on;little;visual;visual
5;1684;CRT;on;index;none;tactile
5;1685;CRT;on;index;none;tactile
5;1686;CRT;on;index;visual;visual
5;1687;CRT;on;ring;tactile;visual
5;1688;CRT;on;thumb;visual;tactile
5;1689;CRT;on;thumb;none;tactile
5;1690;CRT;on;middle;tactile;tactile
5;1691;CRT;on;middle;visual;visual
5;1692;CRT;on;index;none;tactile
5;1693;CRT;on;middle;tactile;visual
5;1694;CRT;on;thumb;tactile;visual
5;1695;CRT;on;little;tactile;visual
5;1696;CRT;on;little;tactile;tactile
5;1697;CRT;on;ring;visual;tactile
5;1698;CRT;on;thumb;visual;tactile
5;1699;CRT;on;little;visual;tactile
5;1700;CRT;on;thumb;visual;visual
5;1701;CRT;on;little;none;tactile
5;1702;CRT;on;little;tactile;visual
5;1703;CRT;on;ring;tactile;tactile
5;1704;CRT;on;index;tactile;tactile
5;1705;CRT;on;index;tactile;tactile
5;1706;CRT;on;ring;visual;tactile
5;1707;CRT;on;thumb;tactile;tactile
5;1708;CRT;on;ring;none;tactile
5;1709;CRT;on;little;tactile;visual
5;1710;CRT;on;little;tactile;tactile
5;1711;CRT;on;index;none;visual
5;1712;CRT;on;little;visual;visual
5;1713;CRT;on;little;none;visual
5;1714;CRT;on;ring;tactile;tactile
5;1715;CRT;on;little;tactile;tactile
5;1716;CRT;on;ring;none;visual
5;1717;CRT;on;ring;visual;tactile
5;1718;CRT;on;ring;tactile;visual
5;1719;CRT;on;ring;none;tactile
5;1720;CRT;on;index;tactile;visual
5;1721;CRT;on;thumb;tactile;tactile
5;1722;CRT;on;thumb;none;visual
5;1723;CRT;on;thumb;visual;visual
5;1724;CRT;on;thumb;none;visual
5;1725;CRT;on;thumb;none;visual
5;1726;CRT;on;ring;none;visual
5;1727;CRT;on;ring;visual;visual
5;1728;CRT;on;ring;none;tactile
5;1729;CRT;on;middle;tactile;tactile
5;1730;CRT;on;middle;tactile;visual
5;1731;CRT;on;thumb;none;tactile
5;1732;CRT;on;middle;visual;tactile
5;1733;CRT;on;thumb;none;tactile
5;1734;CRT;on;thumb;none;visual
5;1735;CRT;on;little;none;tactile
5;1736;CRT;on;middle;visual;tactile
5;1737;CRT;on;index;visual;visual
5;1738;CRT;on;thumb;visual;visual
5;1739;CRT;on;index;tactile;tactile
5;1740;CRT;on;little;none;tactile
5;1741;CRT;on;thumb;none;tactile
5;1742;CRT;on;thumb;visual;visual
5;1743;CRT;on;index;tactile;visual
5;1744;CRT;on;little;visual;tactile
5;1745;CRT;on;ring;tactile;tactile
5;1746;CRT;on;ring;tactile;tactile
5;1747;CRT;on;ring;visual;visual
5;1748;CRT;on;middle;visual;visual
5;1749;CRT;on;thumb;tactile;tactile
5;1750;CRT;on;ring;visual;tactile
5;1751;CRT;on;middle;tactile;visual
5;1752;CRT;on;little;visual;tactile
5;1753;CRT;on;middle;none;tactile
5;1754;CRT;on;index;none;tactile
5;1755;CRT;on;middle;none;visual
5;1756;CRT;on;little;none;visual
5;1757;CRT;on;thumb;tactile;tactile
5;1758;CRT;on;index;tactile;tactile
5;1759;CRT;on;middle;tactile;tactile
5;1760;CRT;on;middle;visual;visual
5;1761;CRT;on;index;tactile;visual
5;1762;CRT;on;index;tactile;tactile
5;1763;CRT;on;middle;tactile;tactile
5;1764;CRT;on;middle;none;visual
5;1765;CRT;on;middle;none;tactile
5;1766;CRT;on;middle;none;tactile
5;1767;CRT;on;ring;visual;tactile
5;1768;CRT;on;index;visual;tactile
5;1769;CRT;on;middle;none;visual
5;1770;CRT;on;little;tactile;visual
5;1771;FC;on;6;tactile
5;1772;FC;on;4;visual
5;1773;FC;on;4;tactile
5;1774;FC;on;4;tactile
5;1775;FC;on;6;visual
5;1776;FC;on;8;visual
5;1777;FC;on;8;tactile
5;1778;FC;on;8;tactile
5;1779;FC;on;8;visual
5;1780;FC;on;4;visual
5;1781;FC;on;8;tactile
5;1782;FC;on;6;tactile
5;1783;FC;on;8;tactile
5;1784;FC;on;8;visual
5;1785;FC;on;8;visual
5;1786;FC;on;4;tactile
5;1787;FC;on;4;visual
5;1788;FC;on;6;visual
5;1789;FC;on;4;visual
5;1790;FC;on;6;tactile
5;1791;FC;on;6;tactile
5;1792;FC;on;6;visual
5;1793;FC;on;4;tactile
5;1794;FC;on;4;tactile
5;1795;FC;on;6;visual
5;1796;FC;on;8;visual
5;1797;FC;on;8;tactile
5;1798;FC;on;6;visual
5;1799;FC;on;6;tactile
5;1800;FC;on;4;visual
